"","sctype_classification","sctype_classification_num"
"AAACAGGC","PEMN","PEMN1"
"AAAGGCTG","PIMN","PIMN1"
"AACACGCA","PEMN","PEMN2"
"AACATGGG","PIMN","PIMN1"
"AACCCAAC","PEMN","PEMN1"
"AACCGCTT","PIMN","PIMN1"
"AACCTGCT","Glia","Glia1"
"AACGAGGT","PIN","PIN1"
"AAGACAGC","PIN","PIN2"
"AAGCGAGT","PIMN","PIMN1"
"AAGGAGCA","PIMN","PIMN1"
"AAGGTCAG","PEMN","PEMN3"
"AATAGGGC","PIN","PIN2"
"AATCATGC","PIN","PIN1"
"AATCGGCA","PIN","PIN1"
"AATGGTGG","PIN","PIN2"
"ACATGTGC","PIMN","PIMN1"
"ACCAAGGA","PIMN","PIMN1"
"ACCCATCT","Glia","Glia1"
"ACCCTACA","PIMN","PIMN1"
"ACCTCAGC","PIMN","PIMN1"
"ACCTGGAG","PIN","PIN2"
"ACGAACAC","PIN","PIN1"
"ACGATAGG","PIMN","PIMN2"
"ACGATCCT","PEMN","PEMN1"
"ACGCTCTT","PEMN","PEMN3"
"ACGTACTG","PIN","PIN1"
"ACGTTGTA","PEMN","PEMN2"
"ACTAGCGA","PIN","PIN1"
"AGAACAGG","PIN","PIN3"
"AGACAACC","PIN","PIN2"
"AGACTCGT","Glia","Glia1"
"AGAGGTGA","PIN","PIN2"
"AGCACTCT","PIN","PIN2"
"AGCAGAAC","PEMN","PEMN3"
"AGCTTCAC","PIN","PIN3"
"AGGATGGA","PIN","PIN2"
"AGGTAAAG","PEMN","PEMN2"
"AGTCTGCC","PIMN","PIMN1"
"AGTTCTCG","PIMN","PIMN1"
"AGTTGTGT","PIMN","PIMN1"
"AGTTTCGG","PIMN","PIMN1"
"ATACACGG","PIMN","PIMN1"
"ATACAGAC","PIMN","PIMN1"
"ATAGCTGC","PEMN","PEMN2"
"ATAGGAGC","PIMN","PIMN1"
"ATCGACGA","PIMN","PIMN1"
"ATGCCTCA","PEMN","PEMN1"
"ATGGGCTT","PIMN","PIMN1"
"ATGTGCGT","PIN","PIN3"
"ATTCCTAG","PEMN","PEMN1"
"ATTGGACC","PIN","PIN1"
"ATTTAGCG","PEMN","PEMN4"
"CAAACGAG","PIN","PIN2"
"CAAAGTGG","PIMN","PIMN1"
"CAACCATG","PIN","PIN2"
"CAATACGC","PIN","PIN2"
"CACCATGT","PIN","PIN1"
"CACTATCC","PIMN","PIMN1"
"CACTCACT","PIMN","PIMN1"
"CAGAGAAG","PEMN","PEMN3"
"CAGATACC","PEMN","PEMN2"
"CAGATCGT","PIMN","PIMN1"
"CAGCGATT","PEMN","PEMN1"
"CAGCTTTG","Glia","Glia1"
"CAGTCAGA","PEMN","PEMN2"
"CAGTCCAT","PEMN","PEMN1"
"CAGTGACA","PEMN","PEMN1"
"CAGTGTCA","PIMN","PIMN1"
"CATAGCTC","PIMN","PIMN1"
"CATGCACA","PEMN","PEMN1"
"CCACAACT","PIN","PIN1"
"CCAGTCCA","PIMN","PIMN1"
"CCCCTATT","PIMN","PIMN1"
"CCGAGTAC","PEMN","PEMN2"
"CCGATTCT","PEMN","PEMN3"
"CCGCATTT","PEMN","PEMN3"
"CCGTCTAA","PIMN","PIMN2"
"CCTACACA","PEMN","PEMN1"
"CCTCTCAA","PIN","PIN3"
"CCTGACAA","PIMN","PIMN1"
"CCTGCTAT","PSN","PSN1"
"CCTGTAGA","PEMN","PEMN3"
"CCTTCGTA","PEMN","PEMN1"
"CCTTTGAC","PIN","PIN3"
"CGAAAGCT","PEMN","PEMN2"
"CGAACTGT","PIN","PIN2"
"CGAAGCAA","PEMN","PEMN3"
"CGAATGCA","PIMN","PIMN1"
"CGAGAATG","PIMN","PIMN1"
"CGATCCTA","PEMN","PEMN2"
"CGCTATAG","PIN","PIN1"
"CGCTTGCT","PIMN","PIMN1"
"CGGAAGTG","PEMN","PEMN2"
"CGGGTGAA","PEMN","PEMN3"
"CGGTACTT","PIMN","PIMN1"
"CGGTGTTT","Glia","Glia1"
"CGTAATCG","PIN","PIN1"
"CGTATCAG","PEMN","PEMN2"
"CGTCGTTT","PEMN","PEMN1"
"CGTGATTC","PIN","PIN1"
"CTACCGTA","PIMN","PIMN1"
"CTACGCTG","PEMN","PEMN2"
"CTAGCAAC","Glia","Glia1"
"CTCATGTC","PEMN","PEMN1"
"CTCTTTGC","PIMN","PIMN1"
"CTGACTGT","PIN","PIN2"
"CTGATCAC","PIN","PIN3"
"CTGCTTCT","PEMN","PEMN3"
"CTGGCTAA","PIMN","PIMN1"
"CTTCGTAC","PEMN","PEMN2"
"CTTGTGCA","PIMN","PIMN1"
"GAAAGGTG","PSN","PSN1"
"GAAGACTT","PIN","PIN2"
"GACGCAAT","PEMN","PEMN2"
"GAGAAGAG","PIN","PIN2"
"GAGGGTAG","PEMN","PEMN2"
"GAGTCCTG","PIN","PIN2"
"GAGTTGGT","PIN","PIN1"
"GATCCTGA","PIN","PIN2"
"GATCGAAG","PIN","PIN2"
"GATTGTCC","Glia","Glia1"
"GCAAGAAG","PEMN","PEMN2"
"GCACGTCA","PIMN","PIMN1"
"GCAGAGAA","PEMN","PEMN2"
"GCATAATC","PIMN","PIMN1"
"GCATCAGT","PIN","PIN1"
"GCGATATC","PIMN","PIMN1"
"GCGTATAG","PIN","PIN3"
"GCTTCCCT","PIMN","PIMN1"
"GCTTTGGA","PIMN","PIMN1"
"GGACGAAT","PIN","PIN3"
"GGACTACT","PIN","PIN1"
"GGAGCTAA","PIMN","PIMN1"
"GGAGTACA","PIMN","PIMN1"
"GGATGATG","PEMN","PEMN2"
"GGCAACAA","PEMN","PEMN1"
"GGGAAGAT","PIMN","PIMN1"
"GGGATTGT","PIN","PIN1"
"GGGGATTT","PEMN","PEMN1"
"GGGTAAGA","PIN","PIN2"
"GGGTTATG","PIN","PIN3"
"GGTAATCA","PIN","PIN3"
"GGTGACTA","Glia","Glia1"
"GGTGTTAG","PIMN","PIMN1"
"GGTTAGTG","PIMN","PIMN1"
"GGTTCTGA","PIN","PIN1"
"GTAACTCC","PIN","PIN2"
"GTATGCAC","PIN","PIN1"
"GTCATTAG","PIN","PIN2"
"GTCCAAAG","PEMN","PEMN2"
"GTCCTATA","PIMN","PIMN1"
"GTCTACCT","PEMN","PEMN2"
"GTCTCACA","PIN","PIN3"
"GTCTTACC","PEMN","PEMN1"
"GTGAACTC","PEMN","PEMN2"
"GTGCGTAT","PIN","PIN1"
"GTTATGCC","PIN","PIN2"
"GTTCCGAT","PIMN","PIMN1"
"GTTCGCTA","PIMN","PIMN1"
"GTTCTGCT","PEMN","PEMN2"
"GTTGGTGA","PIN","PIN1"
"TAAGCCGT","PEMN","PEMN2"
"TAAGGTCC","PIN","PIN2"
"TACCACGA","PEMN","PEMN4"
"TACCAGAC","PIN","PIN3"
"TACCTGTC","PIN","PIN2"
"TACGCCTC","PEMN","PEMN2"
"TACGGTGA","PIMN","PIMN1"
"TACTGCTG","PIN","PIN2"
"TACTGGTA","PIN","PIN1"
"TAGACGCT","PIMN","PIMN1"
"TAGAGGGT","PEMN","PEMN2"
"TAGCTACC","PIN","PIN2"
"TAGGAACG","PIMN","PIMN1"
"TAGGGGAA","PEMN","PEMN1"
"TATCCACG","PIMN","PIMN1"
"TATCCTGC","PIN","PIN3"
"TATCTCGC","PEMN","PEMN1"
"TATGACCC","PIN","PIN3"
"TCACCCGA","PEMN","PEMN4"
"TCAGCACT","PEMN","PEMN2"
"TCCAATCG","PIMN","PIMN1"
"TCCAGCTA","PEMN","PEMN2"
"TCCCTAGA","PIMN","PIMN1"
"TCCGAACA","PIN","PIN1"
"TCCTAGCT","PEMN","PEMN2"
"TCGACAAG","PEMN","PEMN3"
"TCGCGATA","PIMN","PIMN1"
"TCGTCCTT","PEMN","PEMN2"
"TCTATGGT","PSN","PSN1"
"TCTCACAC","PEMN","PEMN4"
"TCTGCCTA","PIMN","PIMN1"
"TCTGGGCA","PIMN","PIMN1"
"TCTGGTTC","PIN","PIN2"
"TCTGTGAG","PIN","PIN2"
"TGAAAGGC","PIMN","PIMN1"
"TGAGAGAG","PIN","PIN2"
"TGAGCATA","PEMN","PEMN2"
"TGATCGGT","PIN","PIN3"
"TGATCTCC","PIMN","PIMN1"
"TGATGCCA","PEMN","PEMN3"
"TGCGGTAT","PEMN","PEMN1"
"TGCGTGAT","PIMN","PIMN1"
"TGGAGCTC","Glia","Glia1"
"TGGCACAA","PEMN","PEMN1"
"TGGTAGCT","PIN","PIN3"
"TGTACCAA","PEMN","PEMN1"
"TGTGGCTT","PIN","PIN1"
"TGTTAAGC","PIN","PIN3"
"TTAGACGC","PEMN","PEMN2"
"TTAGGACG","PIN","PIN2"
"TTAGGCAG","PIMN","PIMN1"
"TTCACGTG","PIN","PIN3"
"TTCCCTCA","PEMN","PEMN4"
"TTCCGTTC","PEMN","PEMN2"
"TTCGCTGT","PIMN","PIMN2"
"TTCGGAAA","PIN","PIN2"
"TTCTCGGA","PIMN","PIMN1"
"TTGATGGC","PIN","PIN3"
"TTGCAACC","PIN","PIN3"
"TTGTCCAC","PIN","PIN1"
"TTGTTCCG","PEMN","PEMN1"
"TTTGAGGG","PEMN","PEMN1"
"TTTGTGTC","PIN","PIN1"
"TTTTCGCC","PIMN","PIMN1"
"AAAGGCTG-1","PIN","PIN2"
"AACACGCA-1","Glia","Glia1"
"AACATGGG-1","PIN","PIN2"
"AACCCAAC-1","PIN","PIN2"
"AACCGCTT-1","PEMN","PEMN3"
"AACCGGAA-1","PEMN","PEMN4"
"AACGAGGT-1","Glia","Glia1"
"AAGCACAT-1","PIN","PIN2"
"AAGCGAGT-1","PIMN","PIMN1"
"AAGGTCAG-1","PIMN","PIMN1"
"AAGTCTCG-1","Glia","Glia1"
"AAGTGGCT-1","PSN","PSN1"
"AATCGGCA-1","PEMN","PEMN4"
"AATGGTGG-1","PEMN","PEMN1"
"ACACCGTG-1","PIN","PIN3"
"ACAGAAGC-1","PEMN","PEMN3"
"ACCAAGGA-1","PEMN","PEMN3"
"ACCAGTTC-1","PEMN","PEMN4"
"ACCCCATT-1","PEMN","PEMN3"
"ACCTCAGC-1","PIN","PIN3"
"ACGAACAC-1","PEMN","PEMN3"
"ACGATAGG-1","Glia","Glia1"
"ACGATCCT-1","PIN","PIN3"
"ACGGATGT-1","PEMN","PEMN4"
"ACGTACTG-1","PIN","PIN1"
"ACGTATCC-1","PIN","PIN1"
"ACGTTGTA-1","Glia","Glia1"
"ACTGTTTG-1","PIN","PIN1"
"AGAACCAC-1","Glia","Glia1"
"AGACTCGT-1","PIN","PIN1"
"AGCACTCT-1","PIN","PIN2"
"AGCCACCA-1","PEMN","PEMN4"
"AGCTTCAC-1","PIN","PIN1"
"AGGAGACT-1","PIN","PIN2"
"AGTTCTCG-1","Glia","Glia1"
"AGTTTCGG-1","PEMN","PEMN4"
"ATCGACGA-1","Glia","Glia1"
"ATGCGACG-1","PIN","PIN2"
"ATGGCACT-1","Glia","Glia1"
"ATGTGCGT-1","PIMN","PIMN1"
"ATTTAGCG-1","Glia","Glia1"
"CAAAGTGG-1","Glia","Glia1"
"CAAGGTGT-1","Glia","Glia1"
"CAATGGTC-1","PEMN","PEMN3"
"CACCATGT-1","PIN","PIN1"
"CAGAGAAG-1","PEMN","PEMN3"
"CAGCGATT-1","PEMN","PEMN3"
"CAGTGTCA-1","PIN","PIN1"
"CATAGCTC-1","PEMN","PEMN2"
"CATGTCAC-1","Glia","Glia1"
"CCAACGTT-1","PIN","PIN2"
"CCAGTCCA-1","Glia","Glia1"
"CCGCATTT-1","Glia","Glia1"
"CCTCTCAA-1","PIN","PIN3"
"CCTGCTAT-1","PIMN","PIMN1"
"CCTTCAAG-1","PIN","PIN2"
"CCTTCGTA-1","PEMN","PEMN4"
"CGAAGCAA-1","PIN","PIN2"
"CGAATGCA-1","PIMN","PIMN2"
"CGAGAATG-1","Glia","Glia1"
"CGCTTGCT-1","PEMN","PEMN3"
"CGGAAGTG-1","Glia","Glia1"
"CGGGTGAA-1","PIN","PIN2"
"CGTAATCG-1","PEMN","PEMN3"
"CTACGCTG-1","PIN","PIN3"
"CTAGCAAC-1","PIN","PIN1"
"CTAGTTCC-1","PEMN","PEMN4"
"CTCATGTC-1","PEMN","PEMN4"
"CTCTTTGC-1","PEMN","PEMN3"
"CTGGCTAA-1","Glia","Glia1"
"CTGTACAA-1","Glia","Glia1"
"CTTAGCCT-1","Glia","Glia1"
"CTTCGTAC-1","PEMN","PEMN4"
"CTTTGACA-1","PIN","PIN2"
"GAAACTGC-1","Glia","Glia1"
"GAACAGCA-1","PEMN","PEMN3"
"GACTTGAG-1","PIN","PIN1"
"GAGTCCTG-1","PEMN","PEMN2"
"GAGTTGGT-1","PEMN","PEMN4"
"GATCACCT-1","PEMN","PEMN4"
"GATCCTGA-1","Glia","Glia1"
"GATGTCGA-1","PIN","PIN2"
"GCACGTCA-1","PEMN","PEMN3"
"GCATAATC-1","PEMN","PEMN2"
"GCATCAGT-1","Glia","Glia1"
"GCGATATC-1","PIMN","PIMN2"
"GCGTATAG-1","PEMN","PEMN4"
"GCTAATGG-1","PIN","PIN2"
"GCTGTAAC-1","PEMN","PEMN4"
"GCTTCCCT-1","PEMN","PEMN4"
"GGACTACT-1","PEMN","PEMN3"
"GGAGTACA-1","PEMN","PEMN4"
"GGCAACAA-1","PEMN","PEMN4"
"GGCGATTT-1","PEMN","PEMN3"
"GGTTAGTG-1","PEMN","PEMN4"
"GGTTCTGA-1","PEMN","PEMN3"
"GTAACTCC-1","PEMN","PEMN3"
"GTATCGCT-1","Glia","Glia1"
"GTATCGTC-1","PEMN","PEMN4"
"GTCCAAAG-1","Glia","Glia1"
"GTCCGTAA-1","PIN","PIN1"
"GTCGATCT-1","Glia","Glia1"
"GTCTCACA-1","PIN","PIN1"
"GTCTTACC-1","PEMN","PEMN3"
"GTGAACTC-1","PEMN","PEMN4"
"GTGATGTC-1","PEMN","PEMN4"
"GTGCGTAT-1","PEMN","PEMN3"
"GTGGTGTA-1","PEMN","PEMN4"
"GTGTTCAG-1","Glia","Glia1"
"GTTATGCC-1","Glia","Glia1"
"GTTCTGCT-1","Glia","Glia1"
"GTTCTTGC-1","PEMN","PEMN4"
"TAAGCCGT-1","Glia","Glia1"
"TACAAGGG-1","PEMN","PEMN3"
"TACCAGAC-1","Glia","Glia1"
"TAGAGGGT-1","PEMN","PEMN4"
"TAGGGGAA-1","PIN","PIN2"
"TAGGTCAC-1","PEMN","PEMN4"
"TATCCACG-1","PIN","PIN1"
"TATTCGGG-1","PIMN","PIMN1"
"TCACCCGA-1","PEMN","PEMN4"
"TCAGCACT-1","PEMN","PEMN3"
"TCAGCTTG-1","PEMN","PEMN3"
"TCCAGCTA-1","PEMN","PEMN3"
"TCCCTAGA-1","PIMN","PIMN1"
"TCCTAGCT-1","PIN","PIN1"
"TCGACTCA-1","PIMN","PIMN1"
"TCGGAATC-1","Glia","Glia1"
"TCGTCCTT-1","PIN","PIN1"
"TCTATGGT-1","PIN","PIN2"
"TCTCGTCT-1","PEMN","PEMN4"
"TGAAAGCG-1","PIN","PIN3"
"TGAGCATA-1","PEMN","PEMN4"
"TGATGCCA-1","PIN","PIN2"
"TGCGGTAT-1","PEMN","PEMN4"
"TGGCACAA-1","PIN","PIN1"
"TGGCTTCA-1","PIMN","PIMN1"
"TGGTGAGT-1","PEMN","PEMN3"
"TTACGGGT-1","PIN","PIN3"
"TTAGACGC-1","PEMN","PEMN4"
"TTCAGACC-1","PIN","PIN2"
"TTCCCTCA-1","PIN","PIN1"
"TTCCGTTC-1","Glia","Glia1"
"TTCGGAAA-1","PIN","PIN2"
"TTGATGGC-1","PIN","PIN2"
"TTGTTCCG-1","PIN","PIN2"
"TTTGAGGG-1","PEMN","PEMN3"
"TTTGTGTC-1","PIN","PIN3"
"AAAGGCTG-2","PIN","PIN2"
"AACCCAAC-2","PEMN","PEMN4"
"AACCGCTT-2","PIN","PIN2"
"AACTCTGG-2","PEMN","PEMN3"
"AAGCGAGT-2","PEMN","PEMN4"
"AAGCTGCA-2","PIMN","PIMN1"
"AAGGAGCA-2","PEMN","PEMN4"
"AATAGGGC-2","PIN","PIN2"
"AATCATGC-2","PEMN","PEMN3"
"AATCGGCA-2","PEMN","PEMN3"
"AATGGTGG-2","PEMN","PEMN4"
"ACAAGGCA-2","PEMN","PEMN3"
"ACACCGTG-2","PEMN","PEMN2"
"ACATGTGC-2","PIN","PIN2"
"ACCACGAT-2","PIN","PIN2"
"ACCCCATT-2","PEMN","PEMN4"
"ACCCTACA-2","PIMN","PIMN1"
"ACGAACAC-2","PIN","PIN3"
"ACGCTCTT-2","PEMN","PEMN3"
"ACGGATGT-2","Glia","Glia1"
"ACGTACTG-2","PIN","PIN2"
"ACGTTGTA-2","Glia","Glia1"
"ACTAGCGA-2","PEMN","PEMN3"
"AGACAACC-2","PEMN","PEMN4"
"AGACTCGT-2","PIN","PIN1"
"AGCACTCT-2","PEMN","PEMN1"
"AGCAGAAC-2","PEMN","PEMN4"
"AGCCACCA-2","PEMN","PEMN4"
"AGCTTCAC-2","PIN","PIN1"
"AGGACTTA-2","PEMN","PEMN2"
"AGGATGGA-2","PIN","PIN2"
"AGGCATCT-2","PIN","PIN2"
"AGGGACAA-2","PEMN","PEMN4"
"AGTGGGAT-2","PIMN","PIMN1"
"AGTTCTCG-2","PIN","PIN1"
"AGTTGTGT-2","PEMN","PEMN3"
"AGTTTCGG-2","PIMN","PIMN1"
"ATACACGG-2","PIN","PIN1"
"ATAGCTGC-2","PIN","PIN3"
"ATCGACGA-2","Glia","Glia1"
"ATCGTGCA-2","PIN","PIN1"
"ATGAGCAG-2","PIMN","PIMN1"
"ATGCGACG-2","PIN","PIN1"
"ATGCTCTG-2","PIN","PIN2"
"ATGGCACT-2","PEMN","PEMN4"
"ATGTGCGT-2","PIMN","PIMN1"
"ATTCCTAG-2","PEMN","PEMN4"
"ATTGGACC-2","PIN","PIN2"
"CAAACGAG-2","PIN","PIN2"
"CAACCATG-2","PEMN","PEMN4"
"CAAGGTGT-2","PEMN","PEMN3"
"CAATGGTC-2","PEMN","PEMN3"
"CACCATGT-2","PEMN","PEMN4"
"CAGATACC-2","PIMN","PIMN1"
"CAGATCGT-2","PEMN","PEMN4"
"CAGCGATT-2","PIN","PIN2"
"CAGTCAGA-2","PEMN","PEMN4"
"CAGTGACA-2","PIN","PIN1"
"CATAGTCG-2","PEMN","PEMN3"
"CATCTCAC-2","PIN","PIN2"
"CATGTCAC-2","PEMN","PEMN4"
"CCAACGTT-2","PEMN","PEMN4"
"CCACAACT-2","PEMN","PEMN4"
"CCCCTATT-2","PEMN","PEMN4"
"CCTGACAA-2","PEMN","PEMN4"
"CCTGCTAT-2","PIN","PIN1"
"CCTTCAAG-2","PIN","PIN3"
"CGAAGCAA-2","PIN","PIN1"
"CGAATGCA-2","PEMN","PEMN4"
"CGACTTAC-2","PEMN","PEMN3"
"CGCATAAC-2","PEMN","PEMN1"
"CGCTTGCT-2","PEMN","PEMN4"
"CGGGTGAA-2","PEMN","PEMN3"
"CGGTGTTT-2","Glia","Glia1"
"CGTAATCG-2","PEMN","PEMN3"
"CGTCGTTT-2","PIN","PIN2"
"CGTGATTC-2","PEMN","PEMN2"
"CTACCGTA-2","PEMN","PEMN3"
"CTACGCTG-2","PIN","PIN1"
"CTAGCAAC-2","Glia","Glia1"
"CTATAGGC-2","PEMN","PEMN4"
"CTCATGTC-2","PEMN","PEMN4"
"CTCGTACT-2","PIN","PIN2"
"CTCTTTGC-2","PIN","PIN2"
"CTGACTGT-2","PEMN","PEMN4"
"CTGCGAAA-2","PEMN","PEMN4"
"CTGCTTCT-2","PEMN","PEMN4"
"CTGGCTAA-2","PIN","PIN2"
"CTTACGAC-2","PEMN","PEMN4"
"CTTCGTAC-2","PEMN","PEMN4"
"CTTGTGCA-2","PEMN","PEMN4"
"GAAAGGTG-2","PEMN","PEMN4"
"GAAGACTT-2","PEMN","PEMN4"
"GAGAACGA-2","PEMN","PEMN4"
"GAGAAGAG-2","PEMN","PEMN4"
"GAGGGTAG-2","PIN","PIN1"
"GAGTCCTG-2","PIN","PIN3"
"GAGTCTGT-2","PEMN","PEMN3"
"GAGTTGGT-2","PIN","PIN2"
"GATCACCT-2","PIN","PIN1"
"GCAGAGAA-2","PEMN","PEMN4"
"GCGATATC-2","PIN","PIN2"
"GCTAATGG-2","PEMN","PEMN4"
"GCTGTAAC-2","PEMN","PEMN4"
"GCTTCCCT-2","PEMN","PEMN3"
"GCTTTGGA-2","PEMN","PEMN3"
"GGACGAAT-2","PEMN","PEMN3"
"GGAGCTAA-2","PIMN","PIMN1"
"GGAGTACA-2","PIMN","PIMN1"
"GGATGATG-2","PEMN","PEMN3"
"GGCAACAA-2","PIN","PIN2"
"GGGTAAGA-2","PIN","PIN1"
"GGGTTATG-2","PIN","PIN1"
"GGTAATCA-2","PIN","PIN2"
"GGTGTTAG-2","PIN","PIN1"
"GGTTCTGA-2","PEMN","PEMN4"
"GTAACTCC-2","PEMN","PEMN3"
"GTAATCCG-2","PIN","PIN1"
"GTAGAACG-2","PSN","PSN1"
"GTATCGCT-2","PEMN","PEMN3"
"GTCATTAG-2","PIN","PIN1"
"GTCCAAAG-2","PEMN","PEMN4"
"GTCGATCT-2","PIMN","PIMN1"
"GTCTCACA-2","PIN","PIN3"
"GTGATGTC-2","PEMN","PEMN3"
"GTGCATGA-2","Glia","Glia1"
"GTGCGTAT-2","Glia","Glia1"
"GTGCTAGT-2","PEMN","PEMN2"
"GTGGTGTA-2","PIN","PIN2"
"GTGTAACC-2","PIN","PIN2"
"GTGTTCAG-2","Glia","Glia1"
"GTTCAGTG-2","PIMN","PIMN1"
"GTTCCGAT-2","PIN","PIN3"
"TAAGCCGT-2","PIMN","PIMN1"
"TACAAGGG-2","PIN","PIN2"
"TACGCCTC-2","PEMN","PEMN4"
"TACGGTGA-2","PEMN","PEMN3"
"TACTGCAC-2","PIN","PIN2"
"TACTGCTG-2","PEMN","PEMN4"
"TAGAGGGT-2","PEMN","PEMN3"
"TAGGAACG-2","PEMN","PEMN4"
"TAGGGGAA-2","PIN","PIN3"
"TAGGTCAC-2","PIN","PIN2"
"TAGTGTGC-2","Glia","Glia1"
"TATCCTGC-2","PIN","PIN1"
"TATCTCGC-2","PEMN","PEMN4"
"TATGACCC-2","PEMN","PEMN4"
"TATGGAGC-2","PEMN","PEMN4"
"TCAACGAC-2","PIN","PIN2"
"TCAGCACT-2","PIMN","PIMN1"
"TCCAATCG-2","PEMN","PEMN4"
"TCCAGCTA-2","PEMN","PEMN3"
"TCCGAACA-2","PIN","PIN1"
"TCCTAGCT-2","PEMN","PEMN3"
"TCGCGATA-2","PIMN","PIMN1"
"TCGTCCTT-2","PIN","PIN1"
"TCTATGGT-2","Glia","Glia1"
"TCTCGTCT-2","Glia","Glia1"
"TCTGCCTA-2","PIN","PIN1"
"TCTGGTTC-2","Glia","Glia1"
"TCTGTGAG-2","PIN","PIN2"
"TGAAAGCG-2","PIN","PIN1"
"TGAATACC-2","Glia","Glia1"
"TGAGAGAG-2","PEMN","PEMN3"
"TGAGCATA-2","Glia","Glia1"
"TGATCCTC-2","PIN","PIN2"
"TGATTCGC-2","PEMN","PEMN3"
"TGCGGTAT-2","PEMN","PEMN4"
"TGGAGCTC-2","PIN","PIN2"
"TGGCTTCA-2","PEMN","PEMN4"
"TGGGTTTC-2","Glia","Glia1"
"TGGTAGCT-2","PIN","PIN1"
"TGGTTGTC-2","PEMN","PEMN4"
"TGTACCAA-2","PIN","PIN2"
"TGTTAAGC-2","PIN","PIN3"
"TTAGACGC-2","PEMN","PEMN3"
"TTAGGCAG-2","PEMN","PEMN4"
"TTATCCGG-2","PEMN","PEMN4"
"TTGTTCCG-2","PIN","PIN2"
"TTTGAGGG-2","PEMN","PEMN3"
"TTTGTGTC-2","PEMN","PEMN4"
"TTTTCGCC-2","PEMN","PEMN4"
"AAACAGGC-3","PEMN","PEMN2"
"AACATGGG-3","PIN","PIN1"
"AACCCAAC-3","PEMN","PEMN1"
"AACCGCTT-3","PIMN","PIMN1"
"AACGAGGT-3","PEMN","PEMN1"
"AACTCTGG-3","PIN","PIN2"
"AAGCACAT-3","PIMN","PIMN1"
"AAGGAGCA-3","PIN","PIN3"
"AAGTCTCG-3","PIN","PIN2"
"AATAGGGC-3","PIN","PIN2"
"ACAAGGCA-3","PEMN","PEMN3"
"ACACCGTG-3","PEMN","PEMN2"
"ACATGTGC-3","PIMN","PIMN1"
"ACCAAGGA-3","PEMN","PEMN2"
"ACCACGAT-3","PEMN","PEMN2"
"ACCAGTTC-3","PIMN","PIMN1"
"ACCCCATT-3","PEMN","PEMN2"
"ACCGCTAA-3","PIN","PIN3"
"ACGAACAC-3","PEMN","PEMN1"
"ACGATAGG-3","PEMN","PEMN1"
"ACGCTCTT-3","PEMN","PEMN2"
"ACGTTGTA-3","PEMN","PEMN2"
"ACTAGCGA-3","PEMN","PEMN1"
"AGAACAGG-3","PIN","PIN2"
"AGACAACC-3","PIN","PIN1"
"AGAGGTGA-3","PIMN","PIMN1"
"AGCACTCT-3","PEMN","PEMN1"
"AGCAGAAC-3","PIMN","PIMN1"
"AGCTTCAC-3","PEMN","PEMN3"
"AGGAGACT-3","PEMN","PEMN1"
"AGGCATCT-3","PIN","PIN3"
"AGGGACAA-3","PIN","PIN2"
"AGTACGTG-3","PEMN","PEMN3"
"AGTCAGGA-3","PEMN","PEMN1"
"AGTCTGCC-3","PIN","PIN2"
"AGTTTCGG-3","PIN","PIN2"
"ATACAGAC-3","Glia","Glia1"
"ATAGCTGC-3","PEMN","PEMN2"
"ATAGGAGC-3","PEMN","PEMN1"
"ATATTCCC-3","PEMN","PEMN1"
"ATCGACGA-3","PEMN","PEMN1"
"ATCGGTTG-3","PEMN","PEMN3"
"ATGCTCTG-3","PIMN","PIMN1"
"ATGGCACT-3","PIMN","PIMN1"
"ATGGGCTT-3","PEMN","PEMN2"
"CAAAGTGG-3","PIN","PIN2"
"CAAGAGAC-3","PEMN","PEMN3"
"CAATACGC-3","PEMN","PEMN1"
"CAATGGTC-3","PEMN","PEMN3"
"CACACTGA-3","PIN","PIN3"
"CACCATGT-3","PIN","PIN1"
"CACTCACT-3","PIN","PIN1"
"CAGAGAAG-3","PEMN","PEMN3"
"CAGATACC-3","PEMN","PEMN2"
"CAGATCGT-3","PIN","PIN3"
"CAGCGATT-3","PEMN","PEMN1"
"CAGCTTTG-3","PIN","PIN3"
"CAGTCAGA-3","PEMN","PEMN1"
"CAGTCCAT-3","PEMN","PEMN1"
"CAGTGACA-3","PEMN","PEMN2"
"CAGTGTCA-3","PIN","PIN3"
"CATAGTCG-3","PEMN","PEMN1"
"CATCTCAC-3","PEMN","PEMN3"
"CATGTCAC-3","Glia","Glia1"
"CCAACGTT-3","PEMN","PEMN1"
"CCAGATGA-3","PEMN","PEMN2"
"CCAGTCCA-3","PIMN","PIMN1"
"CCCCTATT-3","PIN","PIN1"
"CCTGCTAT-3","PIN","PIN2"
"CCTGTAGA-3","PEMN","PEMN1"
"CCTTTGAC-3","PEMN","PEMN2"
"CGAAGCAA-3","PEMN","PEMN2"
"CGAATGCA-3","PEMN","PEMN2"
"CGACTTAC-3","PIN","PIN2"
"CGAGAATG-3","PEMN","PEMN1"
"CGATCCTA-3","PEMN","PEMN2"
"CGCTATAG-3","PIMN","PIMN1"
"CGTATCAG-3","PEMN","PEMN1"
"CGTCGTTT-3","PEMN","PEMN3"
"CTCATGTC-3","PIMN","PIMN1"
"CTCGTACT-3","PIMN","PIMN1"
"CTGAAGGA-3","PIN","PIN1"
"CTGACTGT-3","PIMN","PIMN1"
"CTGTCATT-3","PIN","PIN1"
"CTTACGAC-3","PIMN","PIMN1"
"GAAACTGC-3","PIMN","PIMN1"
"GAACAGCA-3","PEMN","PEMN2"
"GACAAACC-3","Glia","Glia1"
"GACGCAAT-3","PIN","PIN2"
"GAGAACGA-3","PEMN","PEMN1"
"GAGAAGAG-3","PIN","PIN3"
"GATCACCT-3","PIN","PIN3"
"GATCCTGA-3","PEMN","PEMN1"
"GATGTACC-3","PIN","PIN2"
"GATGTCGA-3","PIN","PIN1"
"GATTGTCC-3","PIN","PIN1"
"GCAAGAAG-3","PEMN","PEMN3"
"GCAGAGAA-3","PIN","PIN2"
"GCCACAAA-3","PIN","PIN1"
"GCCATCTT-3","PEMN","PEMN1"
"GCGATATC-3","Glia","Glia1"
"GCGTATAG-3","PEMN","PEMN1"
"GCTAATGG-3","PIN","PIN2"
"GCTTCTTC-3","PIMN","PIMN1"
"GCTTTGGA-3","PEMN","PEMN1"
"GGACCTTT-3","PIMN","PIMN1"
"GGAGCTAA-3","PIN","PIN1"
"GGAGTACA-3","PIN","PIN2"
"GGCAACAA-3","PEMN","PEMN3"
"GGCGATTT-3","PEMN","PEMN1"
"GGGAAGAT-3","PIN","PIN2"
"GGGACAAC-3","PEMN","PEMN1"
"GGGGATTT-3","PEMN","PEMN1"
"GGGTAAGA-3","PIN","PIN1"
"GGGTTATG-3","PEMN","PEMN3"
"GGTGACTA-3","PIN","PIN2"
"GGTGTTAG-3","PIN","PIN1"
"GGTTAGTG-3","PEMN","PEMN1"
"GTAACTCC-3","PEMN","PEMN3"
"GTAATCCG-3","PEMN","PEMN1"
"GTAGTGAG-3","PEMN","PEMN3"
"GTATCGTC-3","PEMN","PEMN3"
"GTCATTAG-3","PIN","PIN1"
"GTCCAAAG-3","PIMN","PIMN1"
"GTCCGTAA-3","PIN","PIN1"
"GTCGATCT-3","PIMN","PIMN1"
"GTGAACTC-3","PEMN","PEMN2"
"GTGCGTAT-3","PEMN","PEMN3"
"GTGCTAGT-3","PIN","PIN3"
"GTGGTGTA-3","PEMN","PEMN2"
"GTTATGCC-3","PEMN","PEMN2"
"GTTCCGAT-3","PEMN","PEMN3"
"GTTCGCTA-3","PIN","PIN2"
"GTTCTTGC-3","PIMN","PIMN1"
"TAACTCCG-3","PEMN","PEMN1"
"TAAGCCGT-3","PIMN","PIMN1"
"TACCACGA-3","PEMN","PEMN1"
"TACCAGAC-3","PIN","PIN1"
"TACGCCTC-3","PIN","PIN1"
"TACTGCAC-3","Glia","Glia1"
"TAGAGGGT-3","PIN","PIN3"
"TAGGAACG-3","PIN","PIN1"
"TAGGGGAA-3","PIMN","PIMN1"
"TAGGTCAC-3","PIMN","PIMN1"
"TATCTCGC-3","PEMN","PEMN2"
"TATGGAGC-3","PIN","PIN2"
"TCAACGAC-3","PIN","PIN2"
"TCCAGCTA-3","PEMN","PEMN1"
"TCCCTAGA-3","PIMN","PIMN1"
"TCCGAACA-3","PIMN","PIMN1"
"TCGACAAG-3","PIN","PIN1"
"TCGACTCA-3","PIMN","PIMN1"
"TCGGTTGA-3","PIN","PIN2"
"TCGTCCTT-3","PEMN","PEMN1"
"TCTATGGT-3","PSN","PSN1"
"TCTGCCTA-3","PIN","PIN3"
"TCTGGTTC-3","PIN","PIN1"
"TCTGTGAG-3","PIN","PIN2"
"TGAGAGAG-3","PIMN","PIMN1"
"TGATGCCA-3","PEMN","PEMN1"
"TGATGTAG-3","PIN","PIN1"
"TGATTCGC-3","PIN","PIN1"
"TGCGGTAT-3","PIMN","PIMN1"
"TGCGTAGG-3","PIMN","PIMN1"
"TGCGTGAT-3","PIMN","PIMN1"
"TGGAGCTC-3","PEMN","PEMN1"
"TGGCACAA-3","PEMN","PEMN3"
"TGGCTTCA-3","PEMN","PEMN1"
"TGGGTTTC-3","PIMN","PIMN1"
"TGGTAGCT-3","PIN","PIN1"
"TGGTGAGT-3","PIN","PIN2"
"TGTGGCTT-3","PEMN","PEMN2"
"TTAGGACG-3","PIN","PIN2"
"TTCCCTCA-3","PEMN","PEMN1"
"TTCGCTGT-3","PEMN","PEMN2"
"TTGATGGC-3","PEMN","PEMN1"
"TTGCAACC-3","PIN","PIN2"
"TTTGAGGG-3","PIN","PIN1"
"TTTGTGTC-3","PIMN","PIMN1"
"TTTTCGCC-3","PIMN","PIMN1"
"AAACAGGC-4","PEMN","PEMN2"
"AAAGCGGA-4","PIMN","PIMN1"
"AAAGGCTG-4","Glia","Glia1"
"AACACGCA-4","PEMN","PEMN2"
"AACATGGG-4","PIMN","PIMN2"
"AACCCAAC-4","PEMN","PEMN1"
"AACCGCTT-4","PIMN","PIMN1"
"AACGAGGT-4","PEMN","PEMN2"
"AACTCTGG-4","PIN","PIN3"
"AAGCGAGT-4","PIMN","PIMN2"
"AAGCTGCA-4","Glia","Glia1"
"AAGTCTCG-4","PIN","PIN2"
"AATAGGGC-4","PEMN","PEMN1"
"AATGGTGG-4","PEMN","PEMN3"
"ACAAGGCA-4","Glia","Glia1"
"ACAGAGCT-4","PIMN","PIMN1"
"ACATGTGC-4","PIMN","PIMN2"
"ACCAAGGA-4","PEMN","PEMN2"
"ACCACGAT-4","PIMN","PIMN2"
"ACCAGTTC-4","Glia","Glia1"
"ACCCATCT-4","PIMN","PIMN2"
"ACCCCATT-4","Glia","Glia1"
"ACCCTACA-4","PIMN","PIMN2"
"ACCTCAGC-4","PSN","PSN1"
"ACGATCCT-4","PSN","PSN1"
"ACGGATGT-4","PIN","PIN3"
"ACGTACTG-4","PEMN","PEMN3"
"ACGTTGTA-4","PIN","PIN3"
"AGAACCAC-4","Glia","Glia1"
"AGAGGTGA-4","PIMN","PIMN2"
"AGCAGAAC-4","PIN","PIN2"
"AGCTTCAC-4","PEMN","PEMN1"
"AGGAGACT-4","PEMN","PEMN3"
"AGGCATCT-4","PIN","PIN3"
"AGTACGTG-4","PIMN","PIMN1"
"AGTCAGGA-4","PEMN","PEMN2"
"AGTTTCGG-4","PIMN","PIMN1"
"ATACAGAC-4","PIN","PIN3"
"ATAGCTGC-4","PIMN","PIMN2"
"ATAGGAGC-4","PIMN","PIMN2"
"ATCGGTTG-4","PIN","PIN3"
"ATCGTGCA-4","Glia","Glia1"
"ATGCGACG-4","PEMN","PEMN2"
"ATGTGCGT-4","PIN","PIN3"
"ATTCCTAG-4","Glia","Glia1"
"CAAACGAG-4","PSN","PSN1"
"CAACTAGA-4","PIMN","PIMN2"
"CAAGAGAC-4","PIMN","PIMN1"
"CAAGGTGT-4","Glia","Glia1"
"CAATACGC-4","PIN","PIN1"
"CACACTGA-4","PSN","PSN1"
"CACAGCAT-4","Glia","Glia1"
"CACCATGT-4","PEMN","PEMN3"
"CACTATCC-4","PEMN","PEMN3"
"CAGAGAAG-4","PEMN","PEMN3"
"CAGATCGT-4","PIMN","PIMN2"
"CAGCGATT-4","PIMN","PIMN2"
"CAGCTTTG-4","PEMN","PEMN2"
"CAGTCCAT-4","PIMN","PIMN2"
"CAGTGACA-4","PEMN","PEMN2"
"CATAGCTC-4","PIN","PIN3"
"CCAACGTT-4","PSN","PSN1"
"CCACAACT-4","Glia","Glia1"
"CCAGTCCA-4","PIN","PIN3"
"CCATGGGA-4","PEMN","PEMN2"
"CCCTAGTA-4","PIN","PIN2"
"CCGAGTAC-4","PEMN","PEMN3"
"CCGATTCT-4","PIMN","PIMN2"
"CCTACACA-4","PEMN","PEMN1"
"CCTCTCAA-4","PIMN","PIMN2"
"CCTGCTAT-4","PIMN","PIMN1"
"CCTGTAGA-4","PEMN","PEMN3"
"CCTTCAAG-4","PIN","PIN3"
"CCTTCGTA-4","PIMN","PIMN2"
"CCTTTGAC-4","PIMN","PIMN1"
"CGAAAGCT-4","PIMN","PIMN1"
"CGAACTGT-4","PSN","PSN1"
"CGAAGCAA-4","PIMN","PIMN1"
"CGAATGCA-4","PIN","PIN3"
"CGATCCTA-4","PIMN","PIMN2"
"CGCTATAG-4","PIN","PIN3"
"CGCTTGCT-4","PIMN","PIMN1"
"CGGGTGAA-4","PIMN","PIMN1"
"CGGTAATC-4","PEMN","PEMN3"
"CGGTACTT-4","PIMN","PIMN1"
"CGTAATCG-4","PIN","PIN3"
"CGTAGAAG-4","PIMN","PIMN2"
"CGTATCAG-4","PIMN","PIMN2"
"CGTCGTTT-4","PEMN","PEMN1"
"CTATAGGC-4","PEMN","PEMN2"
"CTCGTACT-4","Glia","Glia1"
"CTCTTTGC-4","PIMN","PIMN2"
"CTGAAGGA-4","Glia","Glia1"
"CTGACTGT-4","PIMN","PIMN2"
"CTGCGAAA-4","PEMN","PEMN4"
"CTGGCTAA-4","PIMN","PIMN2"
"CTGTCATT-4","PIMN","PIMN2"
"CTTACGAC-4","PEMN","PEMN2"
"CTTTGACA-4","PIN","PIN3"
"GAAACTGC-4","PSN","PSN1"
"GAAAGGTG-4","PSN","PSN1"
"GAAGACTT-4","PIMN","PIMN2"
"GAGAGAGA-4","PIN","PIN1"
"GAGCAAAC-4","PIMN","PIMN2"
"GAGTCTGT-4","PEMN","PEMN3"
"GAGTTGGT-4","PIN","PIN3"
"GATCACCT-4","PIMN","PIMN2"
"GATCCTGA-4","PEMN","PEMN2"
"GATGCTCT-4","Glia","Glia1"
"GATGTACC-4","Glia","Glia1"
"GATTGCTC-4","PIMN","PIMN2"
"GATTGTCC-4","PEMN","PEMN1"
"GCAAGAAG-4","PIMN","PIMN1"
"GCAATCGA-4","PIMN","PIMN2"
"GCATAATC-4","PEMN","PEMN2"
"GCATCAGT-4","Glia","Glia1"
"GCATTTGG-4","PIN","PIN3"
"GCCACAAA-4","Glia","Glia1"
"GCCATCTT-4","PEMN","PEMN2"
"GCTGTAAC-4","PIN","PIN3"
"GCTTCTTC-4","PIMN","PIMN2"
"GCTTTGGA-4","PIMN","PIMN1"
"GGACCTTT-4","PIN","PIN3"
"GGACGAAT-4","PSN","PSN1"
"GGAGTACA-4","PIN","PIN2"
"GGCAACAA-4","PEMN","PEMN2"
"GGGAAGAT-4","PEMN","PEMN2"
"GGGACAAC-4","PSN","PSN1"
"GGGATTGT-4","PIMN","PIMN1"
"GGGGATTT-4","PIMN","PIMN2"
"GGGTTATG-4","PIN","PIN3"
"GGTAATCA-4","PIMN","PIMN2"
"GGTGACTA-4","PIN","PIN3"
"GGTGTTAG-4","PEMN","PEMN2"
"GGTTAGTG-4","PEMN","PEMN1"
"GTAGTGAG-4","PEMN","PEMN3"
"GTATCGTC-4","PIMN","PIMN1"
"GTATGCAC-4","PEMN","PEMN3"
"GTCCAAAG-4","PEMN","PEMN2"
"GTCGATCT-4","PSN","PSN1"
"GTCTACCT-4","PIMN","PIMN2"
"GTCTCACA-4","PIMN","PIMN2"
"GTGATGTC-4","PIN","PIN3"
"GTGCGTAT-4","PEMN","PEMN2"
"GTGGTGTA-4","PEMN","PEMN3"
"GTGTAACC-4","PEMN","PEMN1"
"GTTCCGAT-4","PIMN","PIMN2"
"GTTCGCTA-4","PIN","PIN3"
"GTTGGTGA-4","PSN","PSN1"
"TACAAGGG-4","PSN","PSN1"
"TACCACGA-4","PIMN","PIMN2"
"TACCAGAC-4","PSN","PSN1"
"TACCTGTC-4","PIMN","PIMN2"
"TACGGTGA-4","PSN","PSN1"
"TACTGCAC-4","PIMN","PIMN2"
"TAGACGCT-4","PEMN","PEMN2"
"TAGCTACC-4","PIMN","PIMN2"
"TAGGTCAC-4","PIMN","PIMN2"
"TATCCACG-4","PSN","PSN1"
"TATCTCGC-4","PIN","PIN3"
"TATGACCC-4","PEMN","PEMN2"
"TCAGCACT-4","PEMN","PEMN2"
"TCAGCTTG-4","PSN","PSN1"
"TCCAATCG-4","PIN","PIN3"
"TCCAGCTA-4","PIMN","PIMN2"
"TCCCTAGA-4","PSN","PSN1"
"TCGACAAG-4","PEMN","PEMN4"
"TCGTCCTT-4","PIN","PIN3"
"TCTAGAGG-4","PIMN","PIMN1"
"TCTCACAC-4","PIMN","PIMN2"
"TCTGCCTA-4","PIMN","PIMN2"
"TCTGGGCA-4","PIMN","PIMN2"
"TCTGGTTC-4","PSN","PSN1"
"TCTGTGAG-4","PEMN","PEMN2"
"TCTTGCTG-4","PSN","PSN1"
"TGAAAGCG-4","PIN","PIN1"
"TGAAAGGC-4","PSN","PSN1"
"TGAATACC-4","PIN","PIN3"
"TGACCAAG-4","Glia","Glia1"
"TGAGAGAG-4","PIN","PIN2"
"TGATCCTC-4","PIN","PIN3"
"TGATTCGC-4","PIMN","PIMN2"
"TGCGGTAT-4","PIMN","PIMN2"
"TGCGTAGG-4","PEMN","PEMN1"
"TGGCACAA-4","PIN","PIN3"
"TGGCTTCA-4","PEMN","PEMN1"
"TGGTAGCT-4","PEMN","PEMN3"
"TGGTGAGT-4","PSN","PSN1"
"TGGTTGTC-4","PEMN","PEMN2"
"TGTACCAA-4","PEMN","PEMN2"
"TGTGGCTT-4","PIMN","PIMN2"
"TGTTAAGC-4","PIN","PIN3"
"TTAGACGC-4","PIMN","PIMN2"
"TTAGGACG-4","PIMN","PIMN1"
"TTAGGCAG-4","PIMN","PIMN1"
"TTATCCGG-4","PEMN","PEMN2"
"TTCCCTCA-4","PIMN","PIMN1"
"TTCTCGGA-4","PIMN","PIMN2"
"TTGTCCAC-4","Glia","Glia1"
"TTTGAGGG-4","PEMN","PEMN2"
"TTTGTGTC-4","Glia","Glia1"
"AAACAGGC-5","PEMN","PEMN2"
"AACACGCA-5","PIMN","PIMN1"
"AACCGCTT-5","Glia","Glia1"
"AACCTGCT-5","PIN","PIN3"
"AACGAGGT-5","PEMN","PEMN3"
"AAGACAGC-5","PEMN","PEMN3"
"AAGCTGCA-5","PEMN","PEMN2"
"AAGTCTCG-5","PEMN","PEMN1"
"AAGTGGCT-5","PSN","PSN1"
"AATCATGC-5","PSN","PSN1"
"AATGGTGG-5","Glia","Glia1"
"ACAAACCG-5","PIMN","PIMN2"
"ACAGAAGC-5","PSN","PSN1"
"ACAGGCAT-5","PIMN","PIMN2"
"ACATGTGC-5","PIMN","PIMN2"
"ACCAAGGA-5","PEMN","PEMN4"
"ACCACGAT-5","PIMN","PIMN1"
"ACCCATCT-5","PEMN","PEMN2"
"ACCCCATT-5","PEMN","PEMN3"
"ACCCTACA-5","PIMN","PIMN1"
"ACGAACAC-5","PIN","PIN3"
"ACGATAGG-5","Glia","Glia1"
"ACGTACTG-5","PIN","PIN1"
"ACTAGCGA-5","PEMN","PEMN2"
"AGAACAGG-5","PIN","PIN3"
"AGAACCAC-5","PIMN","PIMN2"
"AGACAACC-5","PIMN","PIMN2"
"AGCACTCT-5","PIN","PIN1"
"AGCAGAAC-5","PIMN","PIMN1"
"AGCCACCA-5","PIMN","PIMN1"
"AGCGAACT-5","Glia","Glia1"
"AGCTCCTT-5","PIMN","PIMN2"
"AGGCATCT-5","PIMN","PIMN1"
"AGGGACAA-5","PIMN","PIMN1"
"AGTACGTG-5","PIN","PIN3"
"AGTCTGCC-5","PIMN","PIMN1"
"AGTGGGAT-5","PIN","PIN3"
"AGTTCTCG-5","PIMN","PIMN1"
"ATACAGAC-5","PIMN","PIMN1"
"ATAGCTGC-5","PEMN","PEMN3"
"ATCGACGA-5","PIMN","PIMN2"
"ATCGGTTG-5","PIMN","PIMN1"
"ATGCCTCA-5","PEMN","PEMN1"
"ATGCTCTG-5","Glia","Glia1"
"ATGGCACT-5","Glia","Glia1"
"ATGGGCTT-5","PIN","PIN3"
"ATGTGCGT-5","PIMN","PIMN2"
"ATTCCTAG-5","PIN","PIN3"
"ATTGGACC-5","PIN","PIN1"
"ATTTAGCG-5","PIMN","PIMN1"
"CAAAGTGG-5","PIMN","PIMN1"
"CAACCATG-5","Glia","Glia1"
"CAACTAGA-5","PIMN","PIMN1"
"CAAGAGAC-5","PIMN","PIMN1"
"CAATACGC-5","PEMN","PEMN1"
"CAATGGTC-5","Glia","Glia1"
"CACAGCAT-5","PIMN","PIMN1"
"CACCATGT-5","PIN","PIN1"
"CAGATCGT-5","PIMN","PIMN2"
"CAGCGATT-5","PEMN","PEMN2"
"CAGCTTTG-5","Glia","Glia1"
"CAGTCAGA-5","PSN","PSN1"
"CAGTGACA-5","PIN","PIN3"
"CAGTGTCA-5","PIN","PIN2"
"CATAGTCG-5","PIMN","PIMN2"
"CATCTCAC-5","PEMN","PEMN2"
"CATGTCAC-5","PIMN","PIMN2"
"CCAACGTT-5","Glia","Glia1"
"CCACAACT-5","PSN","PSN1"
"CCAGTCCA-5","Glia","Glia1"
"CCCCTATT-5","PIN","PIN3"
"CCCTAGTA-5","PIMN","PIMN1"
"CCGAGTAC-5","PIMN","PIMN1"
"CCGATTCT-5","Glia","Glia1"
"CCGCATTT-5","PIMN","PIMN1"
"CCGTCTAA-5","PIMN","PIMN2"
"CCTACACA-5","PIMN","PIMN1"
"CCTTCAAG-5","PSN","PSN1"
"CCTTTGAC-5","PIMN","PIMN2"
"CGAAAGCT-5","Glia","Glia1"
"CGAAGCAA-5","Glia","Glia1"
"CGAATGCA-5","PSN","PSN1"
"CGACTTAC-5","PIMN","PIMN2"
"CGCAAAGT-5","PIMN","PIMN2"
"CGCTATAG-5","PIMN","PIMN1"
"CGCTTGCT-5","PEMN","PEMN3"
"CGGGTGAA-5","Glia","Glia1"
"CGGTAATC-5","PEMN","PEMN1"
"CGGTGTTT-5","PIN","PIN3"
"CGTCGTTT-5","PIMN","PIMN1"
"CGTGATTC-5","PIN","PIN3"
"CTACGCTG-5","Glia","Glia1"
"CTAGCAAC-5","PSN","PSN1"
"CTAGTTCC-5","PIMN","PIMN1"
"CTATAGGC-5","PIN","PIN3"
"CTCATGTC-5","PEMN","PEMN2"
"CTCGTACT-5","PIMN","PIMN1"
"CTGAAGGA-5","PIMN","PIMN1"
"CTGACTGT-5","PEMN","PEMN3"
"CTGCGAAA-5","PIMN","PIMN2"
"CTGCTTCT-5","PIMN","PIMN2"
"CTGGCTAA-5","PIN","PIN2"
"CTTGTGCA-5","PIN","PIN3"
"CTTTGACA-5","PSN","PSN1"
"GAACAGCA-5","PEMN","PEMN1"
"GAAGACTT-5","PIN","PIN3"
"GAGAAGAG-5","PEMN","PEMN1"
"GAGCAAAC-5","PIMN","PIMN1"
"GAGTCTGT-5","Glia","Glia1"
"GAGTTGGT-5","PIMN","PIMN1"
"GATCGAAG-5","PIMN","PIMN1"
"GATGCTCT-5","PSN","PSN1"
"GATTGTCC-5","PIMN","PIMN2"
"GCAAGAAG-5","PIMN","PIMN1"
"GCAATCGA-5","PIMN","PIMN2"
"GCACGTCA-5","PIN","PIN2"
"GCATAATC-5","PEMN","PEMN2"
"GCATCAGT-5","PIMN","PIMN1"
"GCATTTGG-5","PIN","PIN1"
"GCCATCTT-5","Glia","Glia1"
"GCGATATC-5","PIMN","PIMN1"
"GCGTATAG-5","PSN","PSN1"
"GCTAATGG-5","PIN","PIN2"
"GCTGTAAC-5","PIMN","PIMN1"
"GCTTCCCT-5","PIMN","PIMN2"
"GCTTTGGA-5","Glia","Glia1"
"GGACTACT-5","PIMN","PIMN1"
"GGAGTACA-5","PEMN","PEMN1"
"GGATGATG-5","PIN","PIN2"
"GGGGATTT-5","PIMN","PIMN2"
"GGGTTATG-5","PIMN","PIMN1"
"GGTAATCA-5","PIMN","PIMN2"
"GTAACTCC-5","PIMN","PIMN1"
"GTAGTGAG-5","PIMN","PIMN2"
"GTATCGCT-5","PEMN","PEMN2"
"GTATCGTC-5","PEMN","PEMN3"
"GTATGCAC-5","PEMN","PEMN2"
"GTCATTAG-5","PIN","PIN3"
"GTCCAAAG-5","PIMN","PIMN1"
"GTCGATCT-5","Glia","Glia1"
"GTCTCACA-5","PEMN","PEMN1"
"GTGAACTC-5","PIN","PIN1"
"GTGATGTC-5","PEMN","PEMN1"
"GTGCGTAT-5","PIMN","PIMN1"
"GTGCTAGT-5","PEMN","PEMN2"
"GTGTAACC-5","Glia","Glia1"
"GTGTTCAG-5","PIMN","PIMN2"
"GTTCAGTG-5","PIMN","PIMN1"
"GTTGGTGA-5","PIMN","PIMN2"
"TACAAGGG-5","PIN","PIN2"
"TACCAGAC-5","PIN","PIN2"
"TACCTGTC-5","PIMN","PIMN2"
"TACGGTGA-5","PIMN","PIMN2"
"TACTGCAC-5","PIN","PIN3"
"TAGACGCT-5","PEMN","PEMN2"
"TAGAGGGT-5","PIN","PIN2"
"TAGGAACG-5","PEMN","PEMN2"
"TAGGGGAA-5","Glia","Glia1"
"TAGGTCAC-5","PSN","PSN1"
"TAGTGTGC-5","PIN","PIN3"
"TATGACCC-5","PIN","PIN3"
"TATGGAGC-5","PIN","PIN3"
"TCAGCTTG-5","PIN","PIN3"
"TCATGAGG-5","PSN","PSN1"
"TCCAGCTA-5","PEMN","PEMN2"
"TCCCTAGA-5","PIMN","PIMN1"
"TCGGAATC-5","Glia","Glia1"
"TCGTCCTT-5","PIN","PIN3"
"TCTAGAGG-5","Glia","Glia1"
"TCTATGGT-5","PSN","PSN1"
"TCTCACAC-5","PEMN","PEMN3"
"TCTCGTCT-5","PIMN","PIMN2"
"TCTGCCTA-5","PIMN","PIMN1"
"TGAGCATA-5","PSN","PSN1"
"TGATCCTC-5","PIMN","PIMN1"
"TGATCTCC-5","PIN","PIN2"
"TGATGCCA-5","PIMN","PIMN1"
"TGATGTAG-5","PEMN","PEMN3"
"TGATTCGC-5","PEMN","PEMN3"
"TGCGGTAT-5","PIMN","PIMN1"
"TGCGTAGG-5","PIMN","PIMN1"
"TGCGTGAT-5","PEMN","PEMN2"
"TGGAGCTC-5","PIN","PIN3"
"TGGCACAA-5","PIMN","PIMN1"
"TGGCTTCA-5","PIN","PIN3"
"TGGGTTTC-5","PIMN","PIMN1"
"TGGTAGCT-5","PIN","PIN3"
"TGGTGAGT-5","PIMN","PIMN1"
"TGTACCAA-5","PIMN","PIMN1"
"TGTGGCTT-5","PIMN","PIMN1"
"TTACGGGT-5","PSN","PSN1"
"TTAGACGC-5","PIMN","PIMN2"
"TTCCCTCA-5","PIMN","PIMN2"
"TTCGGAAA-5","PSN","PSN1"
"TTGATGGC-5","PEMN","PEMN2"
"TTGCAACC-5","PIN","PIN3"
"TTTGAGGG-5","PIN","PIN2"
"TTTGTGTC-5","PEMN","PEMN2"
"AAACAGGC-6","Glia","Glia1"
"AAAGCGGA-6","PIN","PIN2"
"AAAGGCTG-6","PEMN","PEMN3"
"AACATGGG-6","PIN","PIN1"
"AACCGGAA-6","PIN","PIN2"
"AACCTGCT-6","PIN","PIN3"
"AACGAGGT-6","PEMN","PEMN3"
"AACTCTGG-6","PEMN","PEMN3"
"AAGACAGC-6","PEMN","PEMN4"
"AAGCGAGT-6","PEMN","PEMN2"
"AAGGAGCA-6","PIN","PIN1"
"AAGGTCAG-6","PIN","PIN1"
"AATAGGGC-6","PEMN","PEMN3"
"AATCATGC-6","PIN","PIN2"
"AATCGGCA-6","PEMN","PEMN1"
"AATGGTGG-6","PEMN","PEMN2"
"ACAAACCG-6","PEMN","PEMN2"
"ACAGAAGC-6","Glia","Glia1"
"ACAGGCAT-6","PIN","PIN2"
"ACATGTGC-6","PIN","PIN3"
"ACCAAGGA-6","PIN","PIN2"
"ACCACGAT-6","PEMN","PEMN4"
"ACCAGTTC-6","PIN","PIN1"
"ACCCATCT-6","PEMN","PEMN1"
"ACCCCATT-6","PEMN","PEMN1"
"ACCCTACA-6","PEMN","PEMN3"
"ACGAACAC-6","PEMN","PEMN1"
"ACGATAGG-6","PEMN","PEMN4"
"ACGCGTAA-6","PIMN","PIMN1"
"ACGGATGT-6","PIMN","PIMN2"
"ACGTACTG-6","PIN","PIN3"
"ACGTTGTA-6","Glia","Glia1"
"AGAACAGG-6","PIN","PIN1"
"AGACAACC-6","PIN","PIN3"
"AGACTCGT-6","PEMN","PEMN3"
"AGCAGAAC-6","PIMN","PIMN1"
"AGCCACCA-6","PIN","PIN2"
"AGGAGACT-6","PIN","PIN3"
"AGGATGGA-6","PIN","PIN1"
"AGGCATCT-6","PIMN","PIMN1"
"AGTACGTG-6","PIN","PIN2"
"AGTCAGGA-6","PIN","PIN2"
"AGTTCTCG-6","PEMN","PEMN4"
"AGTTGTGT-6","PIMN","PIMN1"
"AGTTTCGG-6","PEMN","PEMN4"
"ATAGCTGC-6","PIMN","PIMN1"
"ATAGGAGC-6","PIN","PIN1"
"ATATTCCC-6","Glia","Glia1"
"ATCGACGA-6","PIMN","PIMN1"
"ATGAGCAG-6","PIN","PIN1"
"ATGCGACG-6","PIMN","PIMN1"
"ATGGCACT-6","PEMN","PEMN3"
"ATGGGCTT-6","PEMN","PEMN2"
"ATGTGCGT-6","PIN","PIN2"
"ATTCCTAG-6","Glia","Glia1"
"ATTGGACC-6","PEMN","PEMN1"
"ATTTAGCG-6","PIN","PIN1"
"CAAACGAG-6","PEMN","PEMN1"
"CAAAGTGG-6","PIN","PIN1"
"CAACCATG-6","PEMN","PEMN1"
"CAAGGTGT-6","Glia","Glia1"
"CAATGGTC-6","PIMN","PIMN1"
"CACACTGA-6","PIN","PIN3"
"CACCATGT-6","PIMN","PIMN1"
"CACTATCC-6","PEMN","PEMN1"
"CACTCACT-6","PEMN","PEMN2"
"CAGATACC-6","Glia","Glia1"
"CAGCGATT-6","PIMN","PIMN1"
"CAGCTTTG-6","PIN","PIN1"
"CAGTCAGA-6","PEMN","PEMN4"
"CAGTCCAT-6","PIMN","PIMN1"
"CAGTGACA-6","Glia","Glia1"
"CAGTGTCA-6","PIMN","PIMN1"
"CATAGCTC-6","PIMN","PIMN1"
"CATAGTCG-6","PIN","PIN2"
"CATCTCAC-6","PIN","PIN2"
"CATGCACA-6","PIN","PIN1"
"CATGTCAC-6","PIN","PIN2"
"CCAGAAAG-6","Glia","Glia1"
"CCAGATGA-6","PIN","PIN1"
"CCCCTATT-6","PIN","PIN1"
"CCCTAGTA-6","PEMN","PEMN1"
"CCGAGTAC-6","PEMN","PEMN3"
"CCGATTCT-6","PIN","PIN3"
"CCTACACA-6","PIN","PIN3"
"CCTCTCAA-6","PEMN","PEMN3"
"CCTGACAA-6","PEMN","PEMN4"
"CCTGCTAT-6","PIN","PIN3"
"CCTGTAGA-6","PEMN","PEMN2"
"CCTTCGTA-6","PEMN","PEMN1"
"CCTTTGAC-6","PEMN","PEMN1"
"CGAAAGCT-6","PEMN","PEMN1"
"CGAACTGT-6","PIN","PIN3"
"CGAAGCAA-6","PEMN","PEMN3"
"CGAGAATG-6","PIN","PIN1"
"CGATCCTA-6","PEMN","PEMN3"
"CGCAAAGT-6","PEMN","PEMN1"
"CGCTTGCT-6","PEMN","PEMN2"
"CGGGTGAA-6","PIN","PIN1"
"CGGTGTTT-6","PIN","PIN2"
"CGTAGAAG-6","Glia","Glia1"
"CGTATCAG-6","PIMN","PIMN1"
"CGTCGTTT-6","PIN","PIN1"
"CTACCGTA-6","PEMN","PEMN4"
"CTAGCAAC-6","PIN","PIN1"
"CTATAGGC-6","PEMN","PEMN3"
"CTCATGTC-6","PEMN","PEMN1"
"CTGATCAC-6","Glia","Glia1"
"CTGCTTCT-6","PEMN","PEMN4"
"CTGTACAA-6","PEMN","PEMN4"
"CTTACGAC-6","PIMN","PIMN1"
"CTTAGCCT-6","Glia","Glia1"
"CTTCGTAC-6","PEMN","PEMN2"
"CTTGTGCA-6","PIMN","PIMN1"
"CTTTGACA-6","PIN","PIN2"
"GAAAGGTG-6","Glia","Glia1"
"GAACAGCA-6","PIMN","PIMN1"
"GACAAACC-6","PIMN","PIMN1"
"GACGCAAT-6","PIN","PIN1"
"GACTTGAG-6","PIN","PIN2"
"GAGAAGAG-6","PIN","PIN1"
"GAGCAAAC-6","PIN","PIN2"
"GAGGGTAG-6","PIMN","PIMN1"
"GAGTCCTG-6","PEMN","PEMN2"
"GATCACCT-6","PEMN","PEMN2"
"GATCCTGA-6","PIN","PIN1"
"GCAAGAAG-6","PEMN","PEMN3"
"GCAATCGA-6","PIMN","PIMN1"
"GCAGAGAA-6","PIMN","PIMN1"
"GCATAATC-6","PIMN","PIMN1"
"GCATCAGT-6","PEMN","PEMN2"
"GCCATCTT-6","PIN","PIN3"
"GCGATATC-6","PIN","PIN3"
"GCGTATAG-6","PIN","PIN2"
"GCTAATGG-6","PIN","PIN1"
"GCTTCCCT-6","PEMN","PEMN3"
"GCTTTGGA-6","PEMN","PEMN1"
"GGACGAAT-6","PIMN","PIMN1"
"GGAGCTAA-6","PEMN","PEMN1"
"GGATGATG-6","PEMN","PEMN4"
"GGCGATTT-6","PIN","PIN1"
"GGCTCTAT-6","PIN","PIN1"
"GGGAAGAT-6","PIN","PIN3"
"GGGGATTT-6","PEMN","PEMN3"
"GGGTAAGA-6","PEMN","PEMN4"
"GGGTTATG-6","PEMN","PEMN1"
"GGTAATCA-6","PEMN","PEMN3"
"GGTGTTAG-6","PIMN","PIMN1"
"GGTTCTGA-6","PEMN","PEMN2"
"GTAACTCC-6","PIN","PIN1"
"GTAGTGAG-6","PIMN","PIMN1"
"GTATCGCT-6","PEMN","PEMN2"
"GTATCGTC-6","PEMN","PEMN2"
"GTCCAAAG-6","PEMN","PEMN3"
"GTCCTATA-6","Glia","Glia1"
"GTCGATCT-6","PEMN","PEMN3"
"GTCTACCT-6","PEMN","PEMN2"
"GTCTCACA-6","PIN","PIN1"
"GTCTTACC-6","PIN","PIN3"
"GTGAACTC-6","PEMN","PEMN3"
"GTGATGTC-6","PEMN","PEMN4"
"GTGCATGA-6","PIN","PIN1"
"GTGCGTAT-6","PIN","PIN3"
"GTGCTAGT-6","PIMN","PIMN1"
"GTTATGCC-6","PEMN","PEMN4"
"GTTCCGAT-6","Glia","Glia1"
"GTTCGCTA-6","PEMN","PEMN1"
"GTTGCCAC-6","Glia","Glia1"
"TAAGCCGT-6","PEMN","PEMN3"
"TAAGGTCC-6","Glia","Glia1"
"TACCACGA-6","PEMN","PEMN2"
"TACCAGAC-6","PIN","PIN1"
"TACGCCTC-6","PIN","PIN1"
"TACTGCAC-6","PIN","PIN1"
"TACTGGTA-6","PIN","PIN3"
"TAGAGGGT-6","PEMN","PEMN3"
"TAGGAACG-6","PIMN","PIMN1"
"TAGGGGAA-6","PIN","PIN1"
"TAGTGTGC-6","PIN","PIN1"
"TATCCACG-6","PIN","PIN1"
"TATCTCGC-6","PEMN","PEMN4"
"TATGGAGC-6","PIN","PIN1"
"TCAGCACT-6","PEMN","PEMN3"
"TCAGCTTG-6","PSN","PSN1"
"TCCAATCG-6","PIN","PIN2"
"TCCGAACA-6","PIN","PIN2"
"TCGACAAG-6","PIN","PIN1"
"TCGGAATC-6","PIN","PIN3"
"TCGGTTGA-6","PEMN","PEMN1"
"TCGTCCTT-6","PIN","PIN3"
"TCTAGAGG-6","PIMN","PIMN1"
"TCTATGGT-6","PEMN","PEMN2"
"TCTCGTCT-6","PIN","PIN2"
"TCTGGGCA-6","PEMN","PEMN3"
"TCTGGTTC-6","PIMN","PIMN1"
"TGAAAGCG-6","PIMN","PIMN1"
"TGAAAGGC-6","PEMN","PEMN1"
"TGAATACC-6","Glia","Glia1"
"TGACCAAG-6","Glia","Glia1"
"TGAGAGAG-6","PEMN","PEMN3"
"TGAGCATA-6","PIN","PIN1"
"TGATCCTC-6","PEMN","PEMN1"
"TGATCTCC-6","PIMN","PIMN1"
"TGATTCGC-6","PIN","PIN3"
"TGCGGTAT-6","PIMN","PIMN1"
"TGCGTAGG-6","Glia","Glia1"
"TGGAGCTC-6","PEMN","PEMN3"
"TGGCACAA-6","PEMN","PEMN4"
"TGGCTTCA-6","PEMN","PEMN1"
"TGGGTTTC-6","PIN","PIN1"
"TGGTAGCT-6","PIMN","PIMN1"
"TGGTTGTC-6","PEMN","PEMN3"
"TGTACCAA-6","Glia","Glia1"
"TGTGGCTT-6","PEMN","PEMN3"
"TTAGACGC-6","PIN","PIN3"
"TTAGGACG-6","PIMN","PIMN1"
"TTAGGCAG-6","PIN","PIN1"
"TTCAGCGT-6","PEMN","PEMN4"
"TTCCGTTC-6","Glia","Glia1"
"TTCCTACC-6","PIMN","PIMN1"
"TTCGCTGT-6","PIN","PIN1"
"TTCTCGGA-6","PIN","PIN2"
"TTGTCCAC-6","PIN","PIN1"
"TTGTTCCG-6","PIN","PIN2"
"TTTGAGGG-6","PEMN","PEMN2"
"TTTTCGCC-6","PIN","PIN1"
"AAACAGGC-7","PEMN","PEMN3"
"AAAGGCTG-7","PIN","PIN2"
"AACACGCA-7","PEMN","PEMN2"
"AACATGGG-7","PIN","PIN2"
"AACCCAAC-7","PEMN","PEMN3"
"AACCGGAA-7","PIMN","PIMN1"
"AACGAGGT-7","PEMN","PEMN4"
"AAGCACAT-7","PSN","PSN1"
"AAGCGAGT-7","PIN","PIN3"
"AAGCTGCA-7","PEMN","PEMN1"
"AAGTCTCG-7","PEMN","PEMN1"
"AAGTGGCT-7","PIN","PIN1"
"AATCATGC-7","PIN","PIN1"
"AATCGGCA-7","PEMN","PEMN2"
"AATGGTGG-7","PIN","PIN1"
"ACAAACCG-7","PIMN","PIMN1"
"ACAAGGCA-7","PEMN","PEMN2"
"ACACCGTG-7","PIN","PIN1"
"ACAGGCAT-7","PIMN","PIMN1"
"ACATGTGC-7","PIN","PIN1"
"ACCAGTTC-7","PEMN","PEMN3"
"ACCCCATT-7","PEMN","PEMN2"
"ACCCTACA-7","PEMN","PEMN1"
"ACCGCTAA-7","PIMN","PIMN1"
"ACCTCAGC-7","PEMN","PEMN1"
"ACCTGGAG-7","PEMN","PEMN4"
"ACGAACAC-7","PIN","PIN1"
"ACGATAGG-7","PIN","PIN1"
"ACGGATGT-7","PEMN","PEMN2"
"ACGTACTG-7","PEMN","PEMN2"
"ACTAGCGA-7","PIN","PIN1"
"ACTGTTTG-7","PIN","PIN1"
"AGAACCAC-7","PEMN","PEMN3"
"AGACAACC-7","PEMN","PEMN3"
"AGCACTCT-7","PEMN","PEMN4"
"AGCCACCA-7","PEMN","PEMN2"
"AGCTTCAC-7","PIN","PIN2"
"AGGACTTA-7","PIMN","PIMN1"
"AGGAGACT-7","PEMN","PEMN1"
"AGGCATCT-7","PIMN","PIMN1"
"AGGTAAAG-7","PIMN","PIMN1"
"AGTACGTG-7","PIN","PIN2"
"AGTCAGGA-7","PIN","PIN1"
"AGTCTGCC-7","PEMN","PEMN3"
"AGTTCTCG-7","PIMN","PIMN1"
"AGTTGTGT-7","PIN","PIN1"
"ATACACGG-7","PIMN","PIMN1"
"ATACAGAC-7","PSN","PSN1"
"ATAGCTGC-7","PIN","PIN1"
"ATAGGAGC-7","PIN","PIN1"
"ATATTCCC-7","PEMN","PEMN3"
"ATCGACGA-7","PEMN","PEMN1"
"ATGAGCAG-7","PIN","PIN1"
"ATGCCTCA-7","PEMN","PEMN1"
"ATGCGACG-7","PIN","PIN1"
"ATGGCACT-7","PEMN","PEMN1"
"ATGGGCTT-7","PEMN","PEMN3"
"ATGTGCGT-7","PIMN","PIMN1"
"ATTCCTAG-7","PEMN","PEMN2"
"ATTGGACC-7","PEMN","PEMN2"
"CAAACGAG-7","PIN","PIN2"
"CAAAGTGG-7","PEMN","PEMN1"
"CAACTAGA-7","PIMN","PIMN1"
"CAAGAGAC-7","PIN","PIN2"
"CAAGGTGT-7","PIN","PIN2"
"CAATACGC-7","Glia","Glia1"
"CAATGGTC-7","PIN","PIN2"
"CACAGCAT-7","PIN","PIN1"
"CACCATGT-7","PIN","PIN2"
"CACTCACT-7","PEMN","PEMN1"
"CACTTATC-7","PIN","PIN2"
"CAGAGAAG-7","PEMN","PEMN1"
"CAGATACC-7","PEMN","PEMN1"
"CAGATCGT-7","PIN","PIN2"
"CAGCGATT-7","PEMN","PEMN2"
"CAGCTTTG-7","PEMN","PEMN1"
"CAGTCAGA-7","PIN","PIN3"
"CAGTGACA-7","PIMN","PIMN1"
"CAGTGTCA-7","PIN","PIN3"
"CATAGTCG-7","PIMN","PIMN1"
"CATCTCAC-7","PIMN","PIMN1"
"CCACAACT-7","PEMN","PEMN2"
"CCAGTCCA-7","PIN","PIN2"
"CCATGGGA-7","PEMN","PEMN1"
"CCATTTCC-7","PEMN","PEMN2"
"CCCCTATT-7","PEMN","PEMN1"
"CCCTAGTA-7","PIN","PIN2"
"CCTACACA-7","PIN","PIN3"
"CCTGACAA-7","PIN","PIN2"
"CCTGCTAT-7","PEMN","PEMN2"
"CCTGTAGA-7","PIN","PIN1"
"CCTTCGTA-7","PEMN","PEMN3"
"CGAAAGCT-7","PEMN","PEMN2"
"CGAACTGT-7","PIMN","PIMN1"
"CGAAGCAA-7","PEMN","PEMN2"
"CGAATGCA-7","PIN","PIN3"
"CGACTTAC-7","PEMN","PEMN1"
"CGAGAATG-7","PIN","PIN3"
"CGATCCTA-7","PIN","PIN1"
"CGCAAAGT-7","PEMN","PEMN3"
"CGCTATAG-7","PIN","PIN3"
"CGCTTGCT-7","PIN","PIN2"
"CGGAAGTG-7","PEMN","PEMN1"
"CGGGTGAA-7","PEMN","PEMN1"
"CGGTAATC-7","PIN","PIN3"
"CGGTACTT-7","PIN","PIN1"
"CGTAATCG-7","PIN","PIN3"
"CGTAGAAG-7","PIMN","PIMN1"
"CGTATCAG-7","PIN","PIN1"
"CGTCGTTT-7","PIN","PIN1"
"CGTCTAAT-7","PEMN","PEMN3"
"CGTGATTC-7","PIN","PIN1"
"CTACCGTA-7","PEMN","PEMN3"
"CTACGCTG-7","PEMN","PEMN4"
"CTAGCAAC-7","PIN","PIN1"
"CTATAGGC-7","PIN","PIN1"
"CTCATGTC-7","PIN","PIN3"
"CTCGTACT-7","PIN","PIN3"
"CTGAAGGA-7","PIN","PIN1"
"CTGCTTCT-7","PIMN","PIMN1"
"CTGGCTAA-7","PIN","PIN3"
"CTGTCATT-7","PEMN","PEMN3"
"CTTAGCCT-7","PEMN","PEMN3"
"CTTCGTAC-7","PIN","PIN2"
"CTTGTGCA-7","PIMN","PIMN1"
"GAAACTGC-7","PIN","PIN3"
"GAAAGGTG-7","PIN","PIN3"
"GAACAGCA-7","PIN","PIN3"
"GAAGACTT-7","PIN","PIN3"
"GACGCAAT-7","PIN","PIN1"
"GAGAACGA-7","PEMN","PEMN3"
"GAGAAGAG-7","PIN","PIN3"
"GAGGGTAG-7","PIN","PIN1"
"GAGTCTGT-7","PEMN","PEMN2"
"GAGTTGGT-7","PEMN","PEMN1"
"GATCCTGA-7","PEMN","PEMN2"
"GATGTACC-7","PEMN","PEMN1"
"GCACGTCA-7","PEMN","PEMN2"
"GCATAATC-7","PIN","PIN3"
"GCATCAGT-7","PEMN","PEMN3"
"GCCATCTT-7","PEMN","PEMN1"
"GCGATATC-7","PSN","PSN1"
"GCGTATAG-7","PIMN","PIMN1"
"GCTAATGG-7","PIN","PIN1"
"GCTGTAAC-7","PIN","PIN1"
"GCTTCCCT-7","PEMN","PEMN1"
"GCTTTGGA-7","PEMN","PEMN3"
"GGACGAAT-7","PIN","PIN1"
"GGACTACT-7","PIN","PIN2"
"GGAGTACA-7","PEMN","PEMN3"
"GGCAACAA-7","PIN","PIN2"
"GGCGATTT-7","PIN","PIN1"
"GGGATTGT-7","PIN","PIN2"
"GGGGATTT-7","PIMN","PIMN1"
"GGGTAAGA-7","PEMN","PEMN2"
"GGGTTATG-7","PEMN","PEMN2"
"GGTAATCA-7","PIN","PIN1"
"GGTGACTA-7","PEMN","PEMN3"
"GGTGTTAG-7","PIN","PIN1"
"GGTTAGTG-7","PIN","PIN1"
"GGTTCTGA-7","PEMN","PEMN1"
"GTAGTGAG-7","PIMN","PIMN1"
"GTATCGCT-7","PIN","PIN1"
"GTATCGTC-7","PEMN","PEMN3"
"GTATGCAC-7","PIN","PIN3"
"GTCCAAAG-7","PIN","PIN1"
"GTCCGTAA-7","PEMN","PEMN1"
"GTCTACCT-7","PIMN","PIMN1"
"GTCTCACA-7","PIMN","PIMN1"
"GTCTTACC-7","PEMN","PEMN1"
"GTGAACTC-7","PEMN","PEMN1"
"GTGATGTC-7","PIMN","PIMN1"
"GTGCATGA-7","PEMN","PEMN1"
"GTGCGTAT-7","PIN","PIN1"
"GTGCTAGT-7","PEMN","PEMN2"
"GTGGTGTA-7","PIN","PIN1"
"GTGTTCAG-7","PEMN","PEMN2"
"GTTATGCC-7","PIMN","PIMN1"
"GTTCCGAT-7","PEMN","PEMN2"
"GTTCGCTA-7","PIN","PIN1"
"GTTCTGCT-7","PIN","PIN2"
"GTTCTTGC-7","PIN","PIN2"
"GTTGCCAC-7","PIN","PIN3"
"TACAAGGG-7","PIMN","PIMN1"
"TACCAGAC-7","PEMN","PEMN2"
"TACGCCTC-7","PIN","PIN2"
"TACGGTGA-7","PIN","PIN3"
"TACTGCTG-7","PIN","PIN1"
"TACTGGTA-7","PIN","PIN2"
"TAGACGCT-7","PEMN","PEMN1"
"TAGGAACG-7","PEMN","PEMN1"
"TAGGTCAC-7","PIN","PIN1"
"TAGTGTGC-7","PIN","PIN3"
"TATCCACG-7","PIN","PIN3"
"TATCCTGC-7","PIN","PIN2"
"TATCTCGC-7","PIN","PIN2"
"TCAACGAC-7","PIN","PIN1"
"TCACCCGA-7","PEMN","PEMN2"
"TCAGCTTG-7","PIN","PIN2"
"TCATGAGG-7","PEMN","PEMN1"
"TCCAGCTA-7","PIN","PIN2"
"TCCTAGCT-7","PEMN","PEMN1"
"TCGACTCA-7","PIN","PIN1"
"TCGCGATA-7","PIMN","PIMN1"
"TCGGAATC-7","PIN","PIN1"
"TCGTCCTT-7","PEMN","PEMN3"
"TCTAGAGG-7","PIMN","PIMN1"
"TCTATGGT-7","PSN","PSN1"
"TCTCACAC-7","PEMN","PEMN1"
"TCTCGTCT-7","PEMN","PEMN1"
"TCTGCCTA-7","PEMN","PEMN3"
"TCTGGTTC-7","PIN","PIN3"
"TGAAAGCG-7","PIN","PIN1"
"TGAAAGGC-7","PIN","PIN1"
"TGAGAGAG-7","PEMN","PEMN2"
"TGAGCATA-7","PEMN","PEMN1"
"TGATCCTC-7","PEMN","PEMN1"
"TGATCGGT-7","PIN","PIN1"
"TGATCTCC-7","PIMN","PIMN1"
"TGATGCCA-7","PEMN","PEMN3"
"TGATGTAG-7","PEMN","PEMN3"
"TGATTCGC-7","PIN","PIN1"
"TGCGGTAT-7","PIMN","PIMN1"
"TGCGTAGG-7","PEMN","PEMN3"
"TGCGTGAT-7","PIN","PIN1"
"TGGAGCTC-7","PEMN","PEMN2"
"TGGCACAA-7","PEMN","PEMN2"
"TGGGTTTC-7","PEMN","PEMN2"
"TGGTAGCT-7","PIN","PIN2"
"TGGTTGTC-7","PIN","PIN1"
"TGTGGCTT-7","PIN","PIN1"
"TGTTAAGC-7","PIN","PIN1"
"TTAGACGC-7","PIN","PIN1"
"TTAGGCAG-7","PSN","PSN1"
"TTATCCGG-7","PIN","PIN1"
"TTCACGTG-7","PEMN","PEMN2"
"TTCCCTCA-7","PIN","PIN3"
"TTCCGTTC-7","PIN","PIN3"
"TTCCTACC-7","PIN","PIN2"
"TTCGCTGT-7","PIN","PIN2"
"TTCGGAAA-7","PIN","PIN2"
"TTGATGGC-7","PEMN","PEMN2"
"TTGTCCAC-7","PEMN","PEMN1"
"TTTGTGTC-7","PIN","PIN1"
"TTTTCGCC-7","PIMN","PIMN1"
